{
  "dcn_mape": 0.424341,
  "dcn_r2": 0.031942,
  "training_time_seconds": 405.5,
  "n_params": 9139,
  "epochs": 20
}