{
  "ate": -0.08291090107016684,
  "ate_ci_lower": -0.22260854363177637,
  "ate_ci_upper": 0.056786741491442694,
  "cate_mean": -0.08291090107016684,
  "cate_std": 0.2516749867707725,
  "cate_min": -1.0366971631770654,
  "cate_max": 0.4642738890059732,
  "endogeneity_bias": 0.08742390107016684
}