{
  "best_mape": 0.417676,
  "best_r2": 0.055323,
  "best_params": {
    "n_estimators": 267,
    "learning_rate": 0.03171795214313538,
    "num_leaves": 90,
    "max_depth": 9,
    "min_child_samples": 51,
    "subsample": 0.6085091722650441,
    "colsample_bytree": 0.6041944796288204,
    "reg_alpha": 0.7466351454547987,
    "reg_lambda": 0.010131263028401205,
    "n_jobs": -1,
    "verbose": -1,
    "random_state": 42
  },
  "n_trials": 50,
  "hpo_time_minutes": 20.9
}