{
  "n_products": 29094,
  "pct_price_increase": 1.0,
  "pct_price_decrease": 0.0,
  "mean_price_change_pct": 0.300029886554943,
  "total_revenue_current": 16682183.479865355,
  "total_revenue_optimal": 21687050.41,
  "overall_revenue_lift_pct": 0.3000127013454381
}